"Data Source","Indicateurs du développement dans le monde",

"Last Updated Date","2022-09-16",

"Country Name","Country Code","Indicator Name","Indicator Code","1960","1961","1962","1963","1964","1965","1966","1967","1968","1969","1970","1971","1972","1973","1974","1975","1976","1977","1978","1979","1980","1981","1982","1983","1984","1985","1986","1987","1988","1989","1990","1991","1992","1993","1994","1995","1996","1997","1998","1999","2000","2001","2002","2003","2004","2005","2006","2007","2008","2009","2010","2011","2012","2013","2014","2015","2016","2017","2018","2019","2020","2021",
"Aruba","ABW","Enfants (0-14) vivant avec le VIH","SH.HIV.0014","","","","","","","","","","","","","","","","","","","","","","","","","","","","","","","","","","","","","","","","","","","","","","","","","","","","","","","","","","","","","","",
"Afghanistan","AFG","Enfants (0-14) vivant avec le VIH","SH.HIV.0014","","","","","","","","","","","","","","","","","","","","","","","","","","","","","","","100","100","100","100","100","100","100","100","100","100","100","200","200","200","200","200","500","500","500","500","500","500","500","500","500","500","500","500","500","500","500","520",
"","AFW","Enfants (0-14) vivant avec le VIH","SH.HIV.0014","","","","","","","","","","","","","","","","","","","","","","","","","","","","","","","","","","","","","","","","","","","","","","","","","","","","","","","","","","","","","","",
"Angola","AGO","Enfants (0-14) vivant avec le VIH","SH.HIV.0014","","","","","","","","","","","","","","","","","","","","","","","","","","","","","","","1300","1800","2300","2900","3700","4700","5700","7000","8400","9900","12000","14000","16000","18000","20000","22000","24000","27000","29000","31000","33000","35000","36000","38000","38000","39000","40000","40000","40000","39000","38000","36000",
"Albanie","ALB","Enfants (0-14) vivant avec le VIH","SH.HIV.0014","","","","","","","","","","","","","","","","","","","","","","","","","","","","","","","","","","","","","","","","","","","","","","","","","","","","","","","","","","","","","","",
"Andorre","AND","Enfants (0-14) vivant avec le VIH","SH.HIV.0014","","","","","","","","","","","","","","","","","","","","","","","","","","","","","","","","","","","","","","","","","","","","","","","","","","","","","","","","","","","","","","",
"Le monde arabe","ARB","Enfants (0-14) vivant avec le VIH","SH.HIV.0014","","","","","","","","","","","","","","","","","","","","","","","","","","","","","","","","","","","","","","","","","","","","","","","","","","","","","","","","","","","","","","",
"Émirats arabes unis","ARE","Enfants (0-14) vivant avec le VIH","SH.HIV.0014","","","","","","","","","","","","","","","","","","","","","","","","","","","","","","","","","","","","","","","","","","","","","","","","","","","","","","","","","","","","","","",
"Argentine","ARG","Enfants (0-14) vivant avec le VIH","SH.HIV.0014","","","","","","","","","","","","","","","","","","","","","","","","","","","","","","","","","","","","","","","","","","","","","","","","","","","","","","","","","","","","","","",
"Arménie","ARM","Enfants (0-14) vivant avec le VIH","SH.HIV.0014","","","","","","","","","","","","","","","","","","","","","","","","","","","","","","","","","","","","","","","","","","","","","","","","","","","","","","","","","","","","","","",
"Samoa américaines","ASM","Enfants (0-14) vivant avec le VIH","SH.HIV.0014","","","","","","","","","","","","","","","","","","","","","","","","","","","","","","","","","","","","","","","","","","","","","","","","","","","","","","","","","","","","","","",
"Antigua-et-Barbuda","ATG","Enfants (0-14) vivant avec le VIH","SH.HIV.0014","","","","","","","","","","","","","","","","","","","","","","","","","","","","","","","","","","","","","","","","","","","","","","","","","","","","","","","","","","","","","","",
"Australie","AUS","Enfants (0-14) vivant avec le VIH","SH.HIV.0014","","","","","","","","","","","","","","","","","","","","","","","","","","","","","","","","","","","","","","","","","","","","","","","","","","","","","","","","","","","","","","",
"Autriche","AUT","Enfants (0-14) vivant avec le VIH","SH.HIV.0014","","","","","","","","","","","","","","","","","","","","","","","","","","","","","","","","","","","","","","","","","","","","","","","","","","","","","","","","","","","","","","",
"Azerbaïdjan","AZE","Enfants (0-14) vivant avec le VIH","SH.HIV.0014","","","","","","","","","","","","","","","","","","","","","","","","","","","","","","","100","100","100","100","100","100","100","100","100","100","100","100","100","100","200","200","200","200","500","500","500","500","500","500","500","500","500","500","500","500","500","500",
"Burundi","BDI","Enfants (0-14) vivant avec le VIH","SH.HIV.0014","","","","","","","","","","","","","","","","","","","","","","","","","","","","","","","13000","15000","18000","21000","23000","25000","26000","27000","28000","29000","29000","29000","29000","28000","27000","26000","24000","23000","21000","20000","18000","17000","16000","15000","13000","12000","11000","10000","9500","8800","8200","7800",
"Belgique","BEL","Enfants (0-14) vivant avec le VIH","SH.HIV.0014","","","","","","","","","","","","","","","","","","","","","","","","","","","","","","","","","","","","","","","","","","","","","","","","","","","","","","","","","","","","","","",
"Bénin","BEN","Enfants (0-14) vivant avec le VIH","SH.HIV.0014","","","","","","","","","","","","","","","","","","","","","","","","","","","","","","","1300","1700","2200","2700","3300","4000","4700","5400","6100","6800","7400","8000","8600","9100","9500","9900","10000","10000","10000","10000","10000","9900","9800","9700","9600","9200","8700","8300","7900","7300","6800","6400",
"Burkina Faso","BFA","Enfants (0-14) vivant avec le VIH","SH.HIV.0014","","","","","","","","","","","","","","","","","","","","","","","","","","","","","","","11000","13000","15000","16000","18000","19000","21000","22000","23000","23000","23000","24000","23000","23000","22000","21000","20000","19000","18000","17000","16000","15000","14000","13000","12000","11000","9900","9000","8200","7400","6700","6100",
"Bangladesh","BGD","Enfants (0-14) vivant avec le VIH","SH.HIV.0014","","","","","","","","","","","","","","","","","","","","","","","","","","","","","","","100","100","100","100","100","100","100","100","100","100","100","100","100","100","100","100","100","200","200","200","200","200","500","500","500","500","500","500","500","500","500","500",
"Bulgarie","BGR","Enfants (0-14) vivant avec le VIH","SH.HIV.0014","","","","","","","","","","","","","","","","","","","","","","","","","","","","","","","","","","","","","","","","","","","","","","","","","","","","","","","","","","","","","","",
"Bahreïn","BHR","Enfants (0-14) vivant avec le VIH","SH.HIV.0014","","","","","","","","","","","","","","","","","","","","","","","","","","","","","","","","","","","","","","","","","","","","","","","","","","","","","","","","","","","","","","",
"Bahamas","BHS","Enfants (0-14) vivant avec le VIH","SH.HIV.0014","","","","","","","","","","","","","","","","","","","","","","","","","","","","","","","100","200","200","200","200","500","500","500","500","500","500","500","500","500","500","200","200","200","200","200","200","200","200","200","100","100","100","100","100","100","100","100",
"Bosnie-Herzégovine","BIH","Enfants (0-14) vivant avec le VIH","SH.HIV.0014","","","","","","","","","","","","","","","","","","","","","","","","","","","","","","","","","","","","","","","","","","","","","","","","","","","","","","","","","","","","","","",
"Bélarus","BLR","Enfants (0-14) vivant avec le VIH","SH.HIV.0014","","","","","","","","","","","","","","","","","","","","","","","","","","","","","","","100","100","100","100","100","100","100","100","100","100","100","100","100","100","100","100","100","100","100","100","100","200","200","200","200","500","500","500","500","500","500","500",
"Belize","BLZ","Enfants (0-14) vivant avec le VIH","SH.HIV.0014","","","","","","","","","","","","","","","","","","","","","","","","","","","","","","","100","100","100","100","100","100","100","100","100","100","100","100","100","100","200","200","200","200","200","200","200","200","200","200","200","200","200","200","100","100","100","100",
"Bermudes","BMU","Enfants (0-14) vivant avec le VIH","SH.HIV.0014","","","","","","","","","","","","","","","","","","","","","","","","","","","","","","","","","","","","","","","","","","","","","","","","","","","","","","","","","","","","","","",
"Bolivie","BOL","Enfants (0-14) vivant avec le VIH","SH.HIV.0014","","","","","","","","","","","","","","","","","","","","","","","","","","","","","","","200","200","500","500","500","500","500","570","670","760","850","920","980","1000","1100","1100","1100","1200","1200","1200","1100","1100","1100","1000","990","940","890","830","770","730","690","660",
"Brésil","BRA","Enfants (0-14) vivant avec le VIH","SH.HIV.0014","","","","","","","","","","","","","","","","","","","","","","","","","","","","","","","","","","","","","","","","","","","","","","","","","","","","","","","","","","","","","","",
"Barbade","BRB","Enfants (0-14) vivant avec le VIH","SH.HIV.0014","","","","","","","","","","","","","","","","","","","","","","","","","","","","","","","","","","","","","","","","","","","","","","","","","","","","","","","","","","","","","","",
"Brunéi Darussalam","BRN","Enfants (0-14) vivant avec le VIH","SH.HIV.0014","","","","","","","","","","","","","","","","","","","","","","","","","","","","","","","","","","","","","","","","","","","","","","","","","","","","","","","","","","","","","","",
"Bhoutan","BTN","Enfants (0-14) vivant avec le VIH","SH.HIV.0014","","","","","","","","","","","","","","","","","","","","","","","","","","","","","","","","","","","","","","","","","","","","","","","","","","","","","","","","","","","","","","",
"Botswana","BWA","Enfants (0-14) vivant avec le VIH","SH.HIV.0014","","","","","","","","","","","","","","","","","","","","","","","","","","","","","","","2200","3300","4600","6100","7800","9700","12000","14000","16000","18000","20000","21000","22000","23000","23000","22000","22000","21000","20000","19000","18000","17000","16000","15000","13000","12000","11000","10000","8900","7900","7200","6600",
"République centrafricaine","CAF","Enfants (0-14) vivant avec le VIH","SH.HIV.0014","","","","","","","","","","","","","","","","","","","","","","","","","","","","","","","3300","4200","5300","6500","7800","9000","10000","12000","13000","14000","15000","15000","16000","16000","17000","17000","17000","16000","16000","15000","15000","14000","13000","12000","11000","10000","9300","8600","7900","7200","6600","6000",
"Canada","CAN","Enfants (0-14) vivant avec le VIH","SH.HIV.0014","","","","","","","","","","","","","","","","","","","","","","","","","","","","","","","","","","","","","","","","","","","","","","","","","","","","","","","","","","","","","","",
"Europe centrale et les pays baltes","CEB","Enfants (0-14) vivant avec le VIH","SH.HIV.0014","","","","","","","","","","","","","","","","","","","","","","","","","","","","","","","","","","","","","","","","","","","","","","","","","","","","","","","","","","","","","","",
"Suisse","CHE","Enfants (0-14) vivant avec le VIH","SH.HIV.0014","","","","","","","","","","","","","","","","","","","","","","","","","","","","","","","","","","","","","","","","","","","","","","","","","","","","","","","","","","","","","","",
"Îles Anglo-Normandes","CHI","Enfants (0-14) vivant avec le VIH","SH.HIV.0014","","","","","","","","","","","","","","","","","","","","","","","","","","","","","","","","","","","","","","","","","","","","","","","","","","","","","","","","","","","","","","",
"Chili","CHL","Enfants (0-14) vivant avec le VIH","SH.HIV.0014","","","","","","","","","","","","","","","","","","","","","","","","","","","","","","","100","100","100","100","100","100","100","200","200","200","200","200","200","200","500","500","500","500","500","500","500","500","500","500","500","500","500","500","500","500","500","500",
"Chine","CHN","Enfants (0-14) vivant avec le VIH","SH.HIV.0014","","","","","","","","","","","","","","","","","","","","","","","","","","","","","","","","","","","","","","","","","","","","","","","","","","","","","","","","","","","","","","",
"Côte d'Ivoire","CIV","Enfants (0-14) vivant avec le VIH","SH.HIV.0014","","","","","","","","","","","","","","","","","","","","","","","","","","","","","","","17000","22000","28000","33000","39000","45000","51000","56000","61000","65000","69000","72000","74000","75000","75000","74000","73000","70000","66000","62000","58000","54000","50000","45000","40000","36000","32000","29000","26000","23000","20000","18000",
"Cameroun","CMR","Enfants (0-14) vivant avec le VIH","SH.HIV.0014","","","","","","","","","","","","","","","","","","","","","","","","","","","","","","","3400","4700","6400","8500","11000","14000","18000","21000","25000","30000","34000","38000","41000","45000","48000","51000","53000","55000","56000","57000","56000","55000","53000","51000","48000","45000","43000","41000","39000","37000","35000","33000",
"Congo, République démocratique du COD","Enfants (0-14) vivant avec le VIH","SH.HIV.0014","","","","","","","","","","","","","","","","","","","","","","","","","","","","","","","36000","43000","49000","55000","62000","67000","73000","77000","81000","84000","87000","89000","91000","92000","93000","93000","93000","92000","91000","90000","88000","85000","83000","80000","76000","73000","71000","69000","68000","66000","65000","63000",
"Congo, République du COG","Enfants (0-14) vivant avec le VIH","SH.HIV.0014","","","","","","","","","","","","","","","","","","","","","","","","","","","","","","","4100","4800","5400","6100","6700","7300","7900","8400","8900","9300","9600","9900","10000","10000","10000","10000","10000","10000","10000","10000","10000","10000","10000","10000","10000","10000","10000","11000","11000","11000","12000","12000",
"Colombie","COL","Enfants (0-14) vivant avec le VIH","SH.HIV.0014","","","","","","","","","","","","","","","","","","","","","","","","","","","","","","","630","850","1100","1400","1700","2100","2400","2700","3100","3400","3600","3900","4100","4300","4400","4400","4400","4400","4300","4200","4100","4000","3800","3700","3500","3300","3200","3100","2900","2800","2700","2600",
"Comores","COM","Enfants (0-14) vivant avec le VIH","SH.HIV.0014","","","","","","","","","","","","","","","","","","","","","","","","","","","","","","","","","","","","","","","","","","","","","","","","","","","","","","","","","","","","","","",
"Cabo Verde","CPV","Enfants (0-14) vivant avec le VIH","SH.HIV.0014","","","","","","","","","","","","","","","","","","","","","","","","","","","","","","","100","100","100","100","100","200","200","200","200","200","200","200","200","200","200","200","200","200","200","200","100","100","100","100","100","100","100","100","100","100","100","100",
"Costa Rica","CRI","Enfants (0-14) vivant avec le VIH","SH.HIV.0014","","","","","","","","","","","","","","","","","","","","","","","","","","","","","","","100","100","100","100","200","200","200","200","200","200","200","200","200","200","200","200","200","200","200","200","200","200","200","200","200","200","200","200","200","200","200","200",
"Petits états des Caraïbes","CSS","Enfants (0-14) vivant avec le VIH","SH.HIV.0014","","","","","","","","","","","","","","","","","","","","","","","","","","","","","","","","","","","","","","","","","","","","","","","","","","","","","","","","","","","","","","",
"Cuba","CUB","Enfants (0-14) vivant avec le VIH","SH.HIV.0014","","","","","","","","","","","","","","","","","","","","","","","","","","","","","","","100","100","100","100","100","100","100","200","200","200","200","200","200","200","200","200","200","200","200","200","200","200","200","200","200","200","200","200","200","200","200","200",
"Curacao","CUW","Enfants (0-14) vivant avec le VIH","SH.HIV.0014","","","","","","","","","","","","","","","","","","","","","","","","","","","","","","","","","","","","","","","","","","","","","","","","","","","","","","","","","","","","","","",
"Îles Caïmans","CYM","Enfants (0-14) vivant avec le VIH","SH.HIV.0014","","","","","","","","","","","","","","","","","","","","","","","","","","","","","","","","","","","","","","","","","","","","","","","","","","","","","","","","","","","","","","",
"Chypre","CYP","Enfants (0-14) vivant avec le VIH","SH.HIV.0014","","","","","","","","","","","","","","","","","","","","","","","","","","","","","","","","","","","","","","","","","","","","","","","","","","","","","","","","","","","","","","",
"République tchèque","CZE","Enfants (0-14) vivant avec le VIH","SH.HIV.0014","","","","","","","","","","","","","","","","","","","","","","","","","","","","","","","","","","","","","","","","","","","","","","","","","","","","","","","","","","","","","","",
"Allemagne","DEU","Enfants (0-14) vivant avec le VIH","SH.HIV.0014","","","","","","","","","","","","","","","","","","","","","","","","","","","","","","","","","","","","","","","","","","","","","","","","","","","100","100","100","100","100","100","100","100","100","100","200","",
"Djibouti","DJI","Enfants (0-14) vivant avec le VIH","SH.HIV.0014","","","","","","","","","","","","","","","","","","","","","","","","","","","","","","","100","100","100","100","100","100","100","200","200","500","500","500","500","500","500","500","500","500","500","500","500","500","500","500","500","500","500","500","500","500","500","200",
"Dominique","DMA","Enfants (0-14) vivant avec le VIH","SH.HIV.0014","","","","","","","","","","","","","","","","","","","","","","","","","","","","","","","","","","","","","","","","","","","","","","","","","","","","","","","","","","","","","","",
"Danemark","DNK","Enfants (0-14) vivant avec le VIH","SH.HIV.0014","","","","","","","","","","","","","","","","","","","","","","","","","","","","","","","","","","","","","","","","","","","","","","","","","","","","","","","","","","","","","","",
"République dominicaine","DOM","Enfants (0-14) vivant avec le VIH","SH.HIV.0014","","","","","","","","","","","","","","","","","","","","","","","","","","","","","","","550","790","1100","1400","1700","2000","2200","2500","2800","3000","3200","3400","3500","3600","3600","3500","3400","3300","3100","3000","2900","2700","2600","2500","2400","2300","2200","2100","2000","2000","2000","1900",
"Algérie","DZA","Enfants (0-14) vivant avec le VIH","SH.HIV.0014","","","","","","","","","","","","","","","","","","","","","","","","","","","","","","","100","100","100","100","100","100","100","100","100","200","200","200","200","200","200","200","500","500","500","500","500","500","500","500","530","650","760","870","980","1100","1200","1400",
"Asie de l’Est et Pacifique (hors revenu élevé)","EAP","Enfants (0-14) vivant avec le VIH","SH.HIV.0014","","","","","","","","","","","","","","","","","","","","","","","","","","","","","","","","","","","","","","","","","","","","","","","","","","","","","","","","","","","","","","",
"de dividende précoce démographique","EAR","Enfants (0-14) vivant avec le VIH","SH.HIV.0014","","","","","","","","","","","","","","","","","","","","","","","","","","","","","","","","","","","","","","","","","","","","","","","","","","","","","","","","","","","","","","",
"Asie de l’Est et Pacifique","EAS","Enfants (0-14) vivant avec le VIH","SH.HIV.0014","","","","","","","","","","","","","","","","","","","","","","","","","","","","","","","","","","","","","","","","","","","","","","","","","","","","","","","","","","","","","","",
"Europe et Asie centrale (hors revenu élevé)","ECA","Enfants (0-14) vivant avec le VIH","SH.HIV.0014","","","","","","","","","","","","","","","","","","","","","","","","","","","","","","","","","","","","","","","","","","","","","","","","","","","","","","","","","","","","","","",
"Europe et Asie centrale","ECS","Enfants (0-14) vivant avec le VIH","SH.HIV.0014","","","","","","","","","","","","","","","","","","","","","","","","","","","","","","","","","","","","","","","","","","","","","","","","","","","","","","","","","","","","","","",
"Équateur","ECU","Enfants (0-14) vivant avec le VIH","SH.HIV.0014","","","","","","","","","","","","","","","","","","","","","","","","","","","","","","","100","200","200","200","500","500","500","500","500","510","570","630","690","750","800","850","900","950","960","980","1000","1000","1000","1000","1000","1100","1100","1100","1100","1100","1100","1100",
"Égypte, République arabe d’EGY","Enfants (0-14) vivant avec le VIH","SH.HIV.0014","","","","","","","","","","","","","","","","","","","","","","","","","","","","","","","100","100","100","100","100","100","100","100","200","200","200","200","200","500","500","500","500","500","500","500","500","500","550","600","660","720","780","840","910","970","1000","1100",
"Zone euro","EMU","Enfants (0-14) vivant avec le VIH","SH.HIV.0014","","","","","","","","","","","","","","","","","","","","","","","","","","","","","","","","","","","","","","","","","","","","","","","","","","","","","","","","","","","","","","",
"Érythrée","ERI","Enfants (0-14) vivant avec le VIH","SH.HIV.0014","","","","","","","","","","","","","","","","","","","","","","","","","","","","","","","570","710","870","1000","1100","1200","1300","1400","1500","1500","1600","1600","1600","1700","1600","1600","1600","1500","1400","1300","1300","1200","1100","1000","940","860","790","730","650","590","540","500",
"Espagne","ESP","Enfants (0-14) vivant avec le VIH","SH.HIV.0014","","","","","","","","","","","","","","","","","","","","","","","","","","","","","","","","","","","","","","","","","","","","","","","","","","","","","","","","","","","","","","",
"Estonie","EST","Enfants (0-14) vivant avec le VIH","SH.HIV.0014","","","","","","","","","","","","","","","","","","","","","","","","","","","","","","","","","","","","","","","","","","","","","","","","","","","","","","","","","","","","","","",
"Éthiopie","ETH","Enfants (0-14) vivant avec le VIH","SH.HIV.0014","","","","","","","","","","","","","","","","","","","","","","","","","","","","","","","33000","43000","54000","65000","77000","88000","99000","110000","120000","120000","130000","130000","140000","140000","130000","130000","130000","120000","110000","110000","99000","92000","84000","77000","71000","65000","61000","56000","52000","49000","45000","42000",
"Union européenne","EUU","Enfants (0-14) vivant avec le VIH","SH.HIV.0014","","","","","","","","","","","","","","","","","","","","","","","","","","","","","","","","","","","","","","","","","","","","","","","","","","","","","","","","","","","","","","",
"Finlande","FIN","Enfants (0-14) vivant avec le VIH","SH.HIV.0014","","","","","","","","","","","","","","","","","","","","","","","","","","","","","","","","","","","","","","","","","","","","","","","","","","","","","","","","","","","","","","",
"Fidji","FJI","Enfants (0-14) vivant avec le VIH","SH.HIV.0014","","","","","","","","","","","","","","","","","","","","","","","","","","","","","","","100","100","100","100","100","100","100","100","100","100","100","100","100","100","100","100","100","100","100","100","100","100","100","100","100","100","100","100","100","100","100","100",
"France","FRA","Enfants (0-14) vivant avec le VIH","SH.HIV.0014","","","","","","","","","","","","","","","","","","","","","","","","","","","","","","","500","500","500","500","500","500","500","500","500","500","500","500","500","500","500","200","200","200","200","500","500","500","500","500","500","500","500","500","500","500","500","500",
"Îles Féroé","FRO","Enfants (0-14) vivant avec le VIH","SH.HIV.0014","","","","","","","","","","","","","","","","","","","","","","","","","","","","","","","","","","","","","","","","","","","","","","","","","","","","","","","","","","","","","","",
"Micronésie États fédérés de","FSM","Enfants (0-14) vivant avec le VIH","SH.HIV.0014","","","","","","","","","","","","","","","","","","","","","","","","","","","","","","","","","","","","","","","","","","","","","","","","","","","","","","","","","","","","","","",
"Gabon","GAB","Enfants (0-14) vivant avec le VIH","SH.HIV.0014","","","","","","","","","","","","","","","","","","","","","","","","","","","","","","","500","500","570","750","970","1200","1500","1800","2100","2300","2600","2800","3100","3300","3500","3600","3700","3800","3800","3800","3800","3800","3700","3600","3500","3400","3300","3200","3000","2900","2600","2500",
"Royaume-Uni","GBR","Enfants (0-14) vivant avec le VIH","SH.HIV.0014","","","","","","","","","","","","","","","","","","","","","","","","","","","","","","","","","","","","","","","","","","","","","","","","","","","","","","","","","","","","","","",
"Géorgie","GEO","Enfants (0-14) vivant avec le VIH","SH.HIV.0014","","","","","","","","","","","","","","","","","","","","","","","","","","","","","","","100","100","100","100","100","100","100","100","100","100","100","100","100","100","100","100","100","100","100","100","100","100","100","100","100","100","100","100","100","100","100","100",
"Ghana","GHA","Enfants (0-14) vivant avec le VIH","SH.HIV.0014","","","","","","","","","","","","","","","","","","","","","","","","","","","","","","","10000","13000","16000","19000","22000","25000","28000","32000","35000","37000","40000","42000","44000","45000","46000","47000","47000","46000","45000","44000","43000","41000","39000","38000","36000","35000","34000","32000","31000","30000","28000","27000",
"Gibraltar","GIB","Enfants (0-14) vivant avec le VIH","SH.HIV.0014","","","","","","","","","","","","","","","","","","","","","","","","","","","","","","","","","","","","","","","","","","","","","","","","","","","","","","","","","","","","","","",
"Guinée","GIN","Enfants (0-14) vivant avec le VIH","SH.HIV.0014","","","","","","","","","","","","","","","","","","","","","","","","","","","","","","","1700","2100","2700","3300","4000","4700","5500","6300","7100","8000","8800","9500","10000","11000","11000","12000","12000","13000","13000","13000","13000","13000","13000","12000","12000","12000","12000","12000","12000","12000","11000","11000",
"Gambie","GMB","Enfants (0-14) vivant avec le VIH","SH.HIV.0014","","","","","","","","","","","","","","","","","","","","","","","","","","","","","","","100","100","100","200","200","500","500","500","520","640","770","900","1000","1100","1300","1400","1500","1600","1700","1700","1700","1700","1600","1600","1600","1500","1500","1500","1500","1400","1400","1400",
"Guinée-Bissau","GNB","Enfants (0-14) vivant avec le VIH","SH.HIV.0014","","","","","","","","","","","","","","","","","","","","","","","","","","","","","","","200","500","500","500","600","780","990","1200","1500","1800","2100","2300","2600","2900","3200","3500","3700","3900","4100","4300","4400","4500","4500","4400","4200","4100","4000","3900","3900","3800","3800","3700",
"Guinée équatoriale","GNQ","Enfants (0-14) vivant avec le VIH","SH.HIV.0014","","","","","","","","","","","","","","","","","","","","","","","","","","","","","","","200","200","200","500","500","500","500","500","600","700","810","930","1100","1200","1300","1500","1600","1800","1900","2100","2200","2400","2600","2600","2600","2800","2800","2900","3100","3200","3400","3600",
"Grèce","GRC","Enfants (0-14) vivant avec le VIH","SH.HIV.0014","","","","","","","","","","","","","","","","","","","","","","","","","","","","","","","","","","","","","","","","","","","","","","","","","","","","","","","","","","","","","","",
"Grenade","GRD","Enfants (0-14) vivant avec le VIH","SH.HIV.0014","","","","","","","","","","","","","","","","","","","","","","","","","","","","","","","","","","","","","","","","","","","","","","","","","","","","","","","","","","","","","","",
"Groenland","GRL","Enfants (0-14) vivant avec le VIH","SH.HIV.0014","","","","","","","","","","","","","","","","","","","","","","","","","","","","","","","","","","","","","","","","","","","","","","","","","","","","","","","","","","","","","","",
"Guatemala","GTM","Enfants (0-14) vivant avec le VIH","SH.HIV.0014","","","","","","","","","","","","","","","","","","","","","","","","","","","","","","","","","","","","","","","","","","","","","","","","","","","","","","","","","","","","","","",
"Guam","GUM","Enfants (0-14) vivant avec le VIH","SH.HIV.0014","","","","","","","","","","","","","","","","","","","","","","","","","","","","","","","","","","","","","","","","","","","","","","","","","","","","","","","","","","","","","","",
"Guyana","GUY","Enfants (0-14) vivant avec le VIH","SH.HIV.0014","","","","","","","","","","","","","","","","","","","","","","","","","","","","","","","100","100","100","100","100","100","100","200","200","500","500","500","500","500","500","500","500","500","500","500","500","500","510","500","500","500","500","500","500","500","500","500",
"Revenu élevé","HIC","Enfants (0-14) vivant avec le VIH","SH.HIV.0014","","","","","","","","","","","","","","","","","","","","","","","","","","","","","","","","","","","","","","","","","","","","","","","","","","","","","","","","","","","","","","",
"Honduras","HND","Enfants (0-14) vivant avec le VIH","SH.HIV.0014","","","","","","","","","","","","","","","","","","","","","","","","","","","","","","","760","960","1200","1400","1700","2000","2300","2500","2800","3000","3200","3300","3400","3400","3400","3300","3200","3100","3000","2800","2600","2400","2200","2000","1800","1700","1500","1300","1200","1000","920","830",
"Pays pauvres très endettés (PPTE)","HPC","Enfants (0-14) vivant avec le VIH","SH.HIV.0014","","","","","","","","","","","","","","","","","","","","","","","","","","","","","","","","","","","","","","","","","","","","","","","","","","","","","","","","","","","","","","",
"Croatie","HRV","Enfants (0-14) vivant avec le VIH","SH.HIV.0014","","","","","","","","","","","","","","","","","","","","","","","","","","","","","","","","","","","","","","","","","","","","","","","","","","","","","","","","","","","","","","",
"Haïti","HTI","Enfants (0-14) vivant avec le VIH","SH.HIV.0014","","","","","","","","","","","","","","","","","","","","","","","","","","","","","","","3800","4800","5700","6500","7400","8200","9000","9700","10000","11000","11000","12000","12000","12000","12000","12000","11000","11000","10000","9700","9400","8800","8200","7800","7500","7200","6900","6600","6300","6000","5900","5700",
"Hongrie","HUN","Enfants (0-14) vivant avec le VIH","SH.HIV.0014","","","","","","","","","","","","","","","","","","","","","","","","","","","","","","","","","","","","","","","","","","","","","","","","","","","","","","","","","","","","","","",
"BIRD seulement","IBD","Enfants (0-14) vivant avec le VIH","SH.HIV.0014","","","","","","","","","","","","","","","","","","","","","","","","","","","","","","","","","","","","","","","","","","","","","","","","","","","","","","","","","","","","","","",
"BIRD et IDA","IBT","Enfants (0-14) vivant avec le VIH","SH.HIV.0014","","","","","","","","","","","","","","","","","","","","","","","","","","","","","","","","","","","","","","","","","","","","","","","","","","","","","","","","","","","","","","",
"IDA totale","IDA","Enfants (0-14) vivant avec le VIH","SH.HIV.0014","","","","","","","","","","","","","","","","","","","","","","","","","","","","","","","","","","","","","","","","","","","","","","","","","","","","","","","","","","","","","","",
"IDA mélange","IDB","Enfants (0-14) vivant avec le VIH","SH.HIV.0014","","","","","","","","","","","","","","","","","","","","","","","","","","","","","","","","","","","","","","","","","","","","","","","","","","","","","","","","","","","","","","",
"Indonésie","IDN","Enfants (0-14) vivant avec le VIH","SH.HIV.0014","","","","","","","","","","","","","","","","","","","","","","","","","","","","","","","100","100","100","100","100","100","100","200","200","500","500","650","1000","1500","2100","2900","3800","4900","6000","7200","8500","9900","11000","13000","14000","15000","16000","17000","18000","18000","19000","19000",
"IDA seulement","IDX","Enfants (0-14) vivant avec le VIH","SH.HIV.0014","","","","","","","","","","","","","","","","","","","","","","","","","","","","","","","","","","","","","","","","","","","","","","","","","","","","","","","","","","","","","","",
"Île de Man","IMN","Enfants (0-14) vivant avec le VIH","SH.HIV.0014","","","","","","","","","","","","","","","","","","","","","","","","","","","","","","","","","","","","","","","","","","","","","","","","","","","","","","","","","","","","","","",
"Inde","IND","Enfants (0-14) vivant avec le VIH","SH.HIV.0014","","","","","","","","","","","","","","","","","","","","","","","","","","","","","","","","","","","","","","","","","","","","","","","","","","","","","","","","","","","","","","70000",
"Non classifié","INX","Enfants (0-14) vivant avec le VIH","SH.HIV.0014","","","","","","","","","","","","","","","","","","","","","","","","","","","","","","","","","","","","","","","","","","","","","","","","","","","","","","","","","","","","","","",
"Irlande","IRL","Enfants (0-14) vivant avec le VIH","SH.HIV.0014","","","","","","","","","","","","","","","","","","","","","","","","","","","","","","","","","","","","","","","","","","","","","","","","","","","","","","","","","","","","","","",
"Iran République islamique","IRN","Enfants (0-14) vivant avec le VIH","SH.HIV.0014","","","","","","","","","","","","","","","","","","","","","","","","","","","","","","","100","100","100","100","100","100","100","200","200","200","500","500","500","590","730","870","1000","1200","1300","1400","1500","1600","1600","1700","1700","1700","1700","1700","1600","1600","1500","1400",
"Iraq","IRQ","Enfants (0-14) vivant avec le VIH","SH.HIV.0014","","","","","","","","","","","","","","","","","","","","","","","","","","","","","","","","","","","","","","","","","","","","","","","","","","","","","","","","","","","","","","",
"Islande","ISL","Enfants (0-14) vivant avec le VIH","SH.HIV.0014","","","","","","","","","","","","","","","","","","","","","","","","","","","","","","","","","","","","","","","","","","","","","","","","","","","","","","","","","","","","","","",
"Israël","ISR","Enfants (0-14) vivant avec le VIH","SH.HIV.0014","","","","","","","","","","","","","","","","","","","","","","","","","","","","","","","","","","","","","","","","","","","","","","","","","","","","","","","","","","","","","","",
"Italie","ITA","Enfants (0-14) vivant avec le VIH","SH.HIV.0014","","","","","","","","","","","","","","","","","","","","","","","","","","","","","","","","","","","","","","","","","","","","","","","","","","","","","","","","","","","","","","",
"Jamaïque","JAM","Enfants (0-14) vivant avec le VIH","SH.HIV.0014","","","","","","","","","","","","","","","","","","","","","","","","","","","","","","","500","500","500","560","630","700","770","830","890","940","980","1000","1000","1100","1100","1000","940","870","820","800","790","780","780","760","710","660","620","590","560","520","510","500",
"Jordanie","JOR","Enfants (0-14) vivant avec le VIH","SH.HIV.0014","","","","","","","","","","","","","","","","","","","","","","","","","","","","","","","","","","","","","","","","","","","","","","","","","","","","","","","","","","","","","","",
"Japon","JPN","Enfants (0-14) vivant avec le VIH","SH.HIV.0014","","","","","","","","","","","","","","","","","","","","","","","","","","","","","","","","","","","","","","","","","","","","","","","","","","","","","","","","","","","","","","",
"Kazakhstan","KAZ","Enfants (0-14) vivant avec le VIH","SH.HIV.0014","","","","","","","","","","","","","","","","","","","","","","","","","","","","","","","100","100","100","100","100","100","100","100","100","100","100","100","100","100","100","100","200","500","500","500","500","500","500","500","500","500","500","500","500","500","500","500",
"Kenya","KEN","Enfants (0-14) vivant avec le VIH","SH.HIV.0014","","","","","","","","","","","","","","","","","","","","","","","","","","","","","","","44000","60000","78000","98000","120000","140000","160000","170000","190000","200000","220000","230000","240000","240000","250000","250000","240000","240000","220000","210000","200000","180000","170000","160000","150000","140000","130000","120000","110000","99000","91000","83000",
"République kirghize","KGZ","Enfants (0-14) vivant avec le VIH","SH.HIV.0014","","","","","","","","","","","","","","","","","","","","","","","","","","","","","","","100","100","100","100","100","100","100","100","100","100","100","100","100","100","100","100","100","100","200","200","500","500","500","500","510","540","580","570","530","500","500","500",
"Cambodge","KHM","Enfants (0-14) vivant avec le VIH","SH.HIV.0014","","","","","","","","","","","","","","","","","","","","","","","","","","","","","","","100","100","200","500","700","1200","1800","2400","3000","3600","4100","4500","4900","5200","5500","5700","5900","5900","5900","5900","5800","5600","5300","5000","4600","4300","3900","3600","3200","2900","2600","2300",
"Kiribati","KIR","Enfants (0-14) vivant avec le VIH","SH.HIV.0014","","","","","","","","","","","","","","","","","","","","","","","","","","","","","","","","","","","","","","","","","","","","","","","","","","","","","","","","","","","","","","",
"Saint-Kitts-et-Nevis","KNA","Enfants (0-14) vivant avec le VIH","SH.HIV.0014","","","","","","","","","","","","","","","","","","","","","","","","","","","","","","","","","","","","","","","","","","","","","","","","","","","","","","","","","","","","","","",
"Corée, République de KOR","Enfants (0-14) vivant avec le VIH","SH.HIV.0014","","","","","","","","","","","","","","","","","","","","","","","","","","","","","","","","","","","","","","","","","","","","","","","","","","","","","","","","","","","","","","",
"Koweït","KWT","Enfants (0-14) vivant avec le VIH","SH.HIV.0014","","","","","","","","","","","","","","","","","","","","","","","","","","","","","","","","","","","","","","","","","","","","","","","","","","","","","","","","","","","","","","",
"Amérique latine et Caraïbes (hors revenu élevé)","LAC","Enfants (0-14) vivant avec le VIH","SH.HIV.0014","","","","","","","","","","","","","","","","","","","","","","","","","","","","","","","","","","","","","","","","","","","","","","","","","","","","","","","","","","","","","","",
"République démocratique populaire lao","LAO","Enfants (0-14) vivant avec le VIH","SH.HIV.0014","","","","","","","","","","","","","","","","","","","","","","","","","","","","","","","100","100","100","100","100","100","100","100","100","100","100","100","200","200","200","200","500","500","500","500","500","500","500","500","500","500","510","520","530","540","540","530",
"Liban","LBN","Enfants (0-14) vivant avec le VIH","SH.HIV.0014","","","","","","","","","","","","","","","","","","","","","","","","","","","","","","","","","","","","","","","","","","","","","","","","","","","","","","","","","","","","","","",
"Libéria","LBR","Enfants (0-14) vivant avec le VIH","SH.HIV.0014","","","","","","","","","","","","","","","","","","","","","","","","","","","","","","","1200","1600","1900","2200","2500","2900","3400","3900","4400","4900","5300","5500","5700","5800","5800","5800","5800","5800","5700","5600","5400","5100","4900","4700","4500","4200","3800","3500","3200","2900","2800","2500",
"Libye","LBY","Enfants (0-14) vivant avec le VIH","SH.HIV.0014","","","","","","","","","","","","","","","","","","","","","","","","","","","","","","","100","100","100","100","100","100","100","100","100","100","100","100","100","100","100","100","200","200","200","200","200","200","500","500","500","500","500","500","500","500","500","500",
"Sainte-Lucie","LCA","Enfants (0-14) vivant avec le VIH","SH.HIV.0014","","","","","","","","","","","","","","","","","","","","","","","","","","","","","","","","","","","","","","","","","","","","","","","","","","","","","","","","","","","","","","",
"Amérique latine et Caraïbes","LCN","Enfants (0-14) vivant avec le VIH","SH.HIV.0014","","","","","","","","","","","","","","","","","","","","","","","","","","","","","","","","","","","","","","","","","","","","","","","","","","","","","","","","","","","","","","",
"Pays les moins avancés: classement de l’ONU","LDC","Enfants (0-14) vivant avec le VIH","SH.HIV.0014","","","","","","","","","","","","","","","","","","","","","","","","","","","","","","","","","","","","","","","","","","","","","","","","","","","","","","","","","","","","","","",
"Faible revenu","LIC","Enfants (0-14) vivant avec le VIH","SH.HIV.0014","","","","","","","","","","","","","","","","","","","","","","","","","","","","","","","","","","","","","","","","","","","","","","","","","","","","","","","","","","","","","","",
"Liechtenstein","LIE","Enfants (0-14) vivant avec le VIH","SH.HIV.0014","","","","","","","","","","","","","","","","","","","","","","","","","","","","","","","","","","","","","","","","","","","","","","","","","","","","","","","","","","","","","","",
"Sri Lanka","LKA","Enfants (0-14) vivant avec le VIH","SH.HIV.0014","","","","","","","","","","","","","","","","","","","","","","","","","","","","","","","","","","","","","","","","","","","","","","","","","","","","","","","","","","","","","","",
"Revenu intermédiaire tranche inférieure","LMC","Enfants (0-14) vivant avec le VIH","SH.HIV.0014","","","","","","","","","","","","","","","","","","","","","","","","","","","","","","","","","","","","","","","","","","","","","","","","","","","","","","","","","","","","","","",
"Revenu faible et intermédiaire","LMY","Enfants (0-14) vivant avec le VIH","SH.HIV.0014","","","","","","","","","","","","","","","","","","","","","","","","","","","","","","","","","","","","","","","","","","","","","","","","","","","","","","","","","","","","","","",
"Lesotho","LSO","Enfants (0-14) vivant avec le VIH","SH.HIV.0014","","","","","","","","","","","","","","","","","","","","","","","","","","","","","","","770","1300","2100","3300","4700","6500","8400","10000","12000","14000","16000","18000","19000","21000","22000","24000","24000","24000","24000","24000","23000","22000","21000","19000","18000","17000","15000","14000","13000","12000","11000","9700",
"de dividende tardif démographique","LTE","Enfants (0-14) vivant avec le VIH","SH.HIV.0014","","","","","","","","","","","","","","","","","","","","","","","","","","","","","","","","","","","","","","","","","","","","","","","","","","","","","","","","","","","","","","",
"Lituanie","LTU","Enfants (0-14) vivant avec le VIH","SH.HIV.0014","","","","","","","","","","","","","","","","","","","","","","","","","","","","","","","","","","","","","","","","","","","","","","","","","","","","","","","","","","","","","","",
"Luxembourg","LUX","Enfants (0-14) vivant avec le VIH","SH.HIV.0014","","","","","","","","","","","","","","","","","","","","","","","","","","","","","","","","","","","","","","","","","","","","","","","","","","","","","","","","","","","","","","",
"Lettonie","LVA","Enfants (0-14) vivant avec le VIH","SH.HIV.0014","","","","","","","","","","","","","","","","","","","","","","","","","","","","","","","100","100","100","100","100","100","100","100","100","100","100","100","100","100","100","100","100","100","100","100","100","100","100","100","100","100","100","100","100","100","100","100",
"Région administrative spéciale de Macao, Chine","MAC","Enfants (0-14) vivant avec le VIH","SH.HIV.0014","","","","","","","","","","","","","","","","","","","","","","","","","","","","","","","","","","","","","","","","","","","","","","","","","","","","","","","","","","","","","","",
"Saint-Martin (fr)","MAF","Enfants (0-14) vivant avec le VIH","SH.HIV.0014","","","","","","","","","","","","","","","","","","","","","","","","","","","","","","","","","","","","","","","","","","","","","","","","","","","","","","","","","","","","","","",
"Maroc","MAR","Enfants (0-14) vivant avec le VIH","SH.HIV.0014","","","","","","","","","","","","","","","","","","","","","","","","","","","","","","","200","200","200","500","500","500","500","500","500","500","500","530","570","600","630","660","690","720","750","770","790","820","830","850","870","900","920","940","950","960","960","980",
"Monaco","MCO","Enfants (0-14) vivant avec le VIH","SH.HIV.0014","","","","","","","","","","","","","","","","","","","","","","","","","","","","","","","","","","","","","","","","","","","","","","","","","","","","","","","","","","","","","","",
"Moldova","MDA","Enfants (0-14) vivant avec le VIH","SH.HIV.0014","","","","","","","","","","","","","","","","","","","","","","","","","","","","","","","100","100","100","100","100","100","100","100","100","100","100","100","100","100","100","200","200","200","200","200","200","200","200","200","200","200","200","200","200","200","200","200",
"Madagascar","MDG","Enfants (0-14) vivant avec le VIH","SH.HIV.0014","","","","","","","","","","","","","","","","","","","","","","","","","","","","","","","100","100","100","100","100","100","100","100","100","100","100","100","200","200","200","500","500","500","500","560","690","810","980","1200","1400","1600","1900","2200","2500","2800","3100","3500",
"Maldives","MDV","Enfants (0-14) vivant avec le VIH","SH.HIV.0014","","","","","","","","","","","","","","","","","","","","","","","","","","","","","","","","","","","","","","","","","","","","","","","","","","","","","","","","","","","","","","",
"Afrique du Nord et Moyen-Orient","MEA","Enfants (0-14) vivant avec le VIH","SH.HIV.0014","","","","","","","","","","","","","","","","","","","","","","","","","","","","","","","","","","","","","","","","","","","","","","","","","","","","","","","","","","","","","","",
"Mexique","MEX","Enfants (0-14) vivant avec le VIH","SH.HIV.0014","","","","","","","","","","","","","","","","","","","","","","","","","","","","","","","950","1100","1200","1300","1400","1500","1600","1800","1900","2000","2100","2200","2300","2400","2500","2500","2600","2700","2800","2900","3000","3100","3100","3100","3200","3200","3300","3300","3400","3400","3400","3400",
"Îles Marshall","MHL","Enfants (0-14) vivant avec le VIH","SH.HIV.0014","","","","","","","","","","","","","","","","","","","","","","","","","","","","","","","","","","","","","","","","","","","","","","","","","","","","","","","","","","","","","","",
"Revenu intermédiaire","MIC","Enfants (0-14) vivant avec le VIH","SH.HIV.0014","","","","","","","","","","","","","","","","","","","","","","","","","","","","","","","","","","","","","","","","","","","","","","","","","","","","","","","","","","","","","","",
"Macédoine du Nord","MKD","Enfants (0-14) vivant avec le VIH","SH.HIV.0014","","","","","","","","","","","","","","","","","","","","","","","","","","","","","","","","","","","","","","","","","","","","","","","","","","","","","","","","","","","","","","",
"Mali","MLI","Enfants (0-14) vivant avec le VIH","SH.HIV.0014","","","","","","","","","","","","","","","","","","","","","","","","","","","","","","","3100","3900","4800","5700","6600","7500","8500","9300","10000","11000","12000","12000","13000","13000","13000","14000","14000","14000","14000","13000","13000","12000","12000","12000","11000","11000","11000","10000","9900","9700","9400","9100",
"Malte","MLT","Enfants (0-14) vivant avec le VIH","SH.HIV.0014","","","","","","","","","","","","","","","","","","","","","","","","","","","","","","","","","","","","","","","","","","","","","","","","","","","","","","","","","","","","","","",
"Myanmar","MMR","Enfants (0-14) vivant avec le VIH","SH.HIV.0014","","","","","","","","","","","","","","","","","","","","","","","","","","","","","","","100","200","500","500","590","830","1100","1500","1900","2300","2900","3500","4200","4800","5500","6100","6600","7100","7500","7800","8100","8300","8600","8800","9000","9100","9300","9400","9500","9400","9400","9700",
"Afrique du Nord et Moyen-Orient (hors revenu élevé)","MNA","Enfants (0-14) vivant avec le VIH","SH.HIV.0014","","","","","","","","","","","","","","","","","","","","","","","","","","","","","","","","","","","","","","","","","","","","","","","","","","","","","","","","","","","","","","",
"Monténégro","MNE","Enfants (0-14) vivant avec le VIH","SH.HIV.0014","","","","","","","","","","","","","","","","","","","","","","","","","","","","","","","","","","","","","","","","","","","","","","","","","","","","","","","","","","","","","","",
"Mongolie","MNG","Enfants (0-14) vivant avec le VIH","SH.HIV.0014","","","","","","","","","","","","","","","","","","","","","","","","","","","","","","","","","","","","","","","","","","","","","","","","","","","","","","","","","","","","","","",
"Mariannes","MNP","Enfants (0-14) vivant avec le VIH","SH.HIV.0014","","","","","","","","","","","","","","","","","","","","","","","","","","","","","","","","","","","","","","","","","","","","","","","","","","","","","","","","","","","","","","",
"Mozambique","MOZ","Enfants (0-14) vivant avec le VIH","SH.HIV.0014","","","","","","","","","","","","","","","","","","","","","","","","","","","","","","","","","","","","","","","","","","","","","","","","","","","","","","","","","","","","","","",
"Mauritanie","MRT","Enfants (0-14) vivant avec le VIH","SH.HIV.0014","","","","","","","","","","","","","","","","","","","","","","","","","","","","","","","100","200","200","200","500","500","500","500","500","520","580","630","680","720","760","790","820","830","840","840","840","830","830","810","760","730","740","740","720","730","730","730",
"Maurice","MUS","Enfants (0-14) vivant avec le VIH","SH.HIV.0014","","","","","","","","","","","","","","","","","","","","","","","","","","","","","","","100","100","100","100","100","100","100","100","100","100","100","100","100","100","100","100","100","100","100","100","100","100","100","100","100","100","100","100","100","100","100","100",
"Malawi","MWI","Enfants (0-14) vivant avec le VIH","SH.HIV.0014","","","","","","","","","","","","","","","","","","","","","","","","","","","","","","","35000","43000","51000","61000","71000","80000","90000","99000","110000","110000","120000","130000","130000","140000","140000","140000","140000","140000","140000","130000","130000","120000","120000","110000","100000","97000","90000","83000","76000","69000","63000","58000",
"Malaisie","MYS","Enfants (0-14) vivant avec le VIH","SH.HIV.0014","","","","","","","","","","","","","","","","","","","","","","","","","","","","","","","100","100","100","100","100","100","200","200","200","200","500","500","500","500","500","500","500","500","500","500","500","500","500","500","500","500","500","500","500","500","500","500",
"Amérique du Nord","NAC","Enfants (0-14) vivant avec le VIH","SH.HIV.0014","","","","","","","","","","","","","","","","","","","","","","","","","","","","","","","","","","","","","","","","","","","","","","","","","","","","","","","","","","","","","","",
"Namibie","NAM","Enfants (0-14) vivant avec le VIH","SH.HIV.0014","","","","","","","","","","","","","","","","","","","","","","","","","","","","","","","990","1500","2100","2900","3900","5200","6500","7900","9300","11000","12000","13000","14000","15000","16000","16000","16000","16000","16000","16000","16000","15000","15000","15000","14000","13000","12000","11000","10000","9200","8400","7600",
"Nouvelle-Calédonie","NCL","Enfants (0-14) vivant avec le VIH","SH.HIV.0014","","","","","","","","","","","","","","","","","","","","","","","","","","","","","","","","","","","","","","","","","","","","","","","","","","","","","","","","","","","","","","",
"Niger","NER","Enfants (0-14) vivant avec le VIH","SH.HIV.0014","","","","","","","","","","","","","","","","","","","","","","","","","","","","","","","500","680","930","1200","1600","2000","2400","2800","3300","3700","4100","4500","4800","5100","5300","5500","5600","5700","5600","5500","5000","4700","4500","4200","3900","3700","3300","3200","3000","2900","2800","2700",
"Nigéria","NGA","Enfants (0-14) vivant avec le VIH","SH.HIV.0014","","","","","","","","","","","","","","","","","","","","","","","","","","","","","","","44000","55000","68000","83000","97000","110000","130000","140000","160000","170000","180000","190000","200000","210000","220000","220000","220000","220000","220000","220000","210000","210000","200000","200000","190000","180000","180000","180000","180000","180000","180000","170000",
"Nicaragua","NIC","Enfants (0-14) vivant avec le VIH","SH.HIV.0014","","","","","","","","","","","","","","","","","","","","","","","","","","","","","","","100","100","100","100","100","100","100","100","100","200","200","200","200","200","200","200","500","500","500","500","500","500","500","500","500","500","500","500","500","500","500","500",
"Pays-Bas","NLD","Enfants (0-14) vivant avec le VIH","SH.HIV.0014","","","","","","","","","","","","","","","","","","","","","","","","","","","","","","","","","","","","","","","","","","","","","","","","","","","","","","","","","","","","","","",
"Norvège","NOR","Enfants (0-14) vivant avec le VIH","SH.HIV.0014","","","","","","","","","","","","","","","","","","","","","","","","","","","","","","","","","","","","","","","","","","","","","","","","","","","","","","","","","","","","","","",
"Népal","NPL","Enfants (0-14) vivant avec le VIH","SH.HIV.0014","","","","","","","","","","","","","","","","","","","","","","","","","","","","","","","100","100","100","100","100","100","100","100","200","500","500","500","560","690","820","940","1000","1200","1300","1300","1400","1500","1500","1500","1500","1500","1500","1400","1400","1300","1300","1200",
"Nauru","NRU","Enfants (0-14) vivant avec le VIH","SH.HIV.0014","","","","","","","","","","","","","","","","","","","","","","","","","","","","","","","","","","","","","","","","","","","","","","","","","","","","","","","","","","","","","","",
"Nouvelle-Zélande","NZL","Enfants (0-14) vivant avec le VIH","SH.HIV.0014","","","","","","","","","","","","","","","","","","","","","","","","","","","","","","","","","","","","","","","","","","","","","","","","","","","","","","","","","","","","","","",
"Pays membres de l'OCDE","OED","Enfants (0-14) vivant avec le VIH","SH.HIV.0014","","","","","","","","","","","","","","","","","","","","","","","","","","","","","","","","","","","","","","","","","","","","","","","","","","","","","","","","","","","","","","",
"Oman","OMN","Enfants (0-14) vivant avec le VIH","SH.HIV.0014","","","","","","","","","","","","","","","","","","","","","","","","","","","","","","","100","100","100","100","100","100","100","100","100","100","100","100","100","100","100","100","100","100","100","100","100","100","100","100","100","100","100","100","100","100","100","100",
"Autres petits états","OSS","Enfants (0-14) vivant avec le VIH","SH.HIV.0014","","","","","","","","","","","","","","","","","","","","","","","","","","","","","","","","","","","","","","","","","","","","","","","","","","","","","","","","","","","","","","",
"Pakistan","PAK","Enfants (0-14) vivant avec le VIH","SH.HIV.0014","","","","","","","","","","","","","","","","","","","","","","","","","","","","","","","100","100","100","100","100","100","100","100","100","100","100","100","100","100","100","100","200","200","500","500","650","870","1100","1400","1700","2000","2400","2800","3200","3600","4100","4600",
"Panama","PAN","Enfants (0-14) vivant avec le VIH","SH.HIV.0014","","","","","","","","","","","","","","","","","","","","","","","","","","","","","","","","","","","","","","","","","","","","","","","","","","","","","","","","","","","","","","",
"Pérou","PER","Enfants (0-14) vivant avec le VIH","SH.HIV.0014","","","","","","","","","","","","","","","","","","","","","","","","","","","","","","","1100","1300","1400","1500","1600","1700","1700","1800","1800","1900","1900","1900","1900","1800","1800","1800","1700","1700","1600","1600","1600","1600","1500","1500","1500","1500","1500","1500","1500","1500","1500","1500",
"Philippines","PHL","Enfants (0-14) vivant avec le VIH","SH.HIV.0014","","","","","","","","","","","","","","","","","","","","","","","","","","","","","","","100","100","100","100","100","100","100","100","100","100","100","100","100","100","100","100","100","100","100","100","100","200","200","200","500","500","500","500","500","540","630","750",
"Palaos","PLW","Enfants (0-14) vivant avec le VIH","SH.HIV.0014","","","","","","","","","","","","","","","","","","","","","","","","","","","","","","","","","","","","","","","","","","","","","","","","","","","","","","","","","","","","","","",
"Papouasie-Nouvelle-Guinée","PNG","Enfants (0-14) vivant avec le VIH","SH.HIV.0014","","","","","","","","","","","","","","","","","","","","","","","","","","","","","","","100","100","100","100","100","100","200","500","500","500","630","820","1000","1300","1500","1700","1900","2100","2300","2400","2600","2700","2800","2900","3000","3100","3200","3300","3300","3300","3300","3500",
"Pologne","POL","Enfants (0-14) vivant avec le VIH","SH.HIV.0014","","","","","","","","","","","","","","","","","","","","","","","","","","","","","","","","","","","","","","","","","","","","","","","","","","","","","","","","","","","","","","",
"de Pré-dividende démographique","PRE","Enfants (0-14) vivant avec le VIH","SH.HIV.0014","","","","","","","","","","","","","","","","","","","","","","","","","","","","","","","","","","","","","","","","","","","","","","","","","","","","","","","","","","","","","","",
"Porto Rico","PRI","Enfants (0-14) vivant avec le VIH","SH.HIV.0014","","","","","","","","","","","","","","","","","","","","","","","","","","","","","","","","","","","","","","","","","","","","","","","","","","","","","","","","","","","","","","",
"Corée, République démocratique de PRK","Enfants (0-14) vivant avec le VIH","SH.HIV.0014","","","","","","","","","","","","","","","","","","","","","","","","","","","","","","","","","","","","","","","","","","","","","","","","","","","","","","","","","","","","","","",
"Portugal","PRT","Enfants (0-14) vivant avec le VIH","SH.HIV.0014","","","","","","","","","","","","","","","","","","","","","","","","","","","","","","","","","","","","","","","","","","","","","","","","","","","","","","","","","","","","","","",
"Paraguay","PRY","Enfants (0-14) vivant avec le VIH","SH.HIV.0014","","","","","","","","","","","","","","","","","","","","","","","","","","","","","","","100","100","100","100","100","100","100","100","200","200","200","500","500","500","500","500","500","500","500","500","500","500","500","500","500","500","500","500","500","500","500","500",
"Cisjordanie et Gaza","PSE","Enfants (0-14) vivant avec le VIH","SH.HIV.0014","","","","","","","","","","","","","","","","","","","","","","","","","","","","","","","","","","","","","","","","","","","","","","","","","","","","","","","","","","","","","","",
"Petits états insulaires du Pacifique","PSS","Enfants (0-14) vivant avec le VIH","SH.HIV.0014","","","","","","","","","","","","","","","","","","","","","","","","","","","","","","","","","","","","","","","","","","","","","","","","","","","","","","","","","","","","","","",
"de Post-dividende démographique","PST","Enfants (0-14) vivant avec le VIH","SH.HIV.0014","","","","","","","","","","","","","","","","","","","","","","","","","","","","","","","","","","","","","","","","","","","","","","","","","","","","","","","","","","","","","","",
"Polynésie française","PYF","Enfants (0-14) vivant avec le VIH","SH.HIV.0014","","","","","","","","","","","","","","","","","","","","","","","","","","","","","","","","","","","","","","","","","","","","","","","","","","","","","","","","","","","","","","",
"Qatar","QAT","Enfants (0-14) vivant avec le VIH","SH.HIV.0014","","","","","","","","","","","","","","","","","","","","","","","","","","","","","","","","","","","","","","","","","","","","","","","","","","","","","","","","","","","","","","",
"Roumanie","ROU","Enfants (0-14) vivant avec le VIH","SH.HIV.0014","","","","","","","","","","","","","","","","","","","","","","","","","","","","","","","1900","3600","5000","6000","6600","6400","6200","6000","5800","5600","5300","5000","4400","3700","2900","2100","1400","1000","760","620","550","500","500","500","500","500","500","500","200","200","200","200",
"Fédération de Russie","RUS","Enfants (0-14) vivant avec le VIH","SH.HIV.0014","","","","","","","","","","","","","","","","","","","","","","","","","","","","","","","","","","","","","","","","","","","","","","","","","","","","","","","","","","","","","","",
"Rwanda","RWA","Enfants (0-14) vivant avec le VIH","SH.HIV.0014","","","","","","","","","","","","","","","","","","","","","","","","","","","","","","","9700","12000","13000","14000","15000","16000","18000","21000","24000","26000","29000","30000","30000","31000","31000","31000","31000","30000","28000","27000","26000","24000","23000","21000","20000","18000","17000","16000","14000","13000","11000","9900",
"Asie du Sud","SAS","Enfants (0-14) vivant avec le VIH","SH.HIV.0014","","","","","","","","","","","","","","","","","","","","","","","","","","","","","","","","","","","","","","","","","","","","","","","","","","","","","","","","","","","","","","",
"Arabie saoudite","SAU","Enfants (0-14) vivant avec le VIH","SH.HIV.0014","","","","","","","","","","","","","","","","","","","","","","","","","","","","","","","","","","","","","","","","","","","","","","","","","","","","","","","","","","","","","","",
"Soudan","SDN","Enfants (0-14) vivant avec le VIH","SH.HIV.0014","","","","","","","","","","","","","","","","","","","","","","","","","","","","","","","500","610","770","950","1100","1400","1600","1800","2000","2200","2400","2600","2800","3000","3100","3200","3300","3400","3400","3400","3500","3500","3500","3500","3400","3400","3400","3300","3300","3300","3300","3300",
"Sénégal","SEN","Enfants (0-14) vivant avec le VIH","SH.HIV.0014","","","","","","","","","","","","","","","","","","","","","","","","","","","","","","","500","610","800","1000","1300","1600","2000","2400","2900","3300","3800","4300","4800","5300","5700","6100","6400","6600","6700","6700","6700","6700","6600","6400","6200","5800","5500","5200","4900","4500","4200","4000",
"Singapour","SGP","Enfants (0-14) vivant avec le VIH","SH.HIV.0014","","","","","","","","","","","","","","","","","","","","","","","","","","","","","","","","","","","","","","","","","","","","","","","","","","","","","","","","","","","","","","",
"Îles Salomon","SLB","Enfants (0-14) vivant avec le VIH","SH.HIV.0014","","","","","","","","","","","","","","","","","","","","","","","","","","","","","","","","","","","","","","","","","","","","","","","","","","","","","","","","","","","","","","",
"Sierra Leone","SLE","Enfants (0-14) vivant avec le VIH","SH.HIV.0014","","","","","","","","","","","","","","","","","","","","","","","","","","","","","","","1800","2300","2800","3400","4000","4600","5300","6000","6700","7500","8400","9300","10000","11000","12000","13000","13000","14000","14000","14000","14000","13000","13000","13000","13000","13000","12000","12000","12000","11000","11000","11000",
"El Salvador","SLV","Enfants (0-14) vivant avec le VIH","SH.HIV.0014","","","","","","","","","","","","","","","","","","","","","","","","","","","","","","","100","100","200","200","500","500","500","500","500","540","590","640","660","670","660","660","660","660","660","650","650","630","610","590","560","540","520","500","500","500","500","500",
"Saint-Marin","SMR","Enfants (0-14) vivant avec le VIH","SH.HIV.0014","","","","","","","","","","","","","","","","","","","","","","","","","","","","","","","","","","","","","","","","","","","","","","","","","","","","","","","","","","","","","","",
"Somalie","SOM","Enfants (0-14) vivant avec le VIH","SH.HIV.0014","","","","","","","","","","","","","","","","","","","","","","","","","","","","","","","200","500","500","500","500","500","580","680","790","910","1000","1100","1300","1400","1400","1500","1600","1600","1600","1600","1600","1600","1500","1500","1400","1300","1200","1200","1100","1000","920","850",
"Serbie","SRB","Enfants (0-14) vivant avec le VIH","SH.HIV.0014","","","","","","","","","","","","","","","","","","","","","","","","","","","","","","","","","","","","","","","","","","","","","","","","","","","","","","","","","","","","","","",
"Afrique subsaharienne (hors revenu élevé)","SSA","Enfants (0-14) vivant avec le VIH","SH.HIV.0014","","","","","","","","","","","","","","","","","","","","","","","","","","","","","","","","","","","","","","","","","","","","","","","","","","","","","","","","","","","","","","",
"Soudan du Sud","SSD","Enfants (0-14) vivant avec le VIH","SH.HIV.0014","","","","","","","","","","","","","","","","","","","","","","","","","","","","","","","1800","2200","2700","3200","3800","4500","5200","6000","7000","7900","8800","9700","11000","11000","12000","13000","14000","15000","15000","16000","16000","16000","16000","16000","16000","16000","16000","15000","15000","15000","15000","15000",
"Afrique subsaharienne","SSF","Enfants (0-14) vivant avec le VIH","SH.HIV.0014","","","","","","","","","","","","","","","","","","","","","","","","","","","","","","","","","","","","","","","","","","","","","","","","","","","","","","","","","","","","","","",
"Petits états","SST","Enfants (0-14) vivant avec le VIH","SH.HIV.0014","","","","","","","","","","","","","","","","","","","","","","","","","","","","","","","","","","","","","","","","","","","","","","","","","","","","","","","","","","","","","","",
"Sao Tomé-et-Principe","STP","Enfants (0-14) vivant avec le VIH","SH.HIV.0014","","","","","","","","","","","","","","","","","","","","","","","","","","","","","","","","","","","","","","","","","","","","","","","","","","","","","","","","","","","","","","",
"Suriname","SUR","Enfants (0-14) vivant avec le VIH","SH.HIV.0014","","","","","","","","","","","","","","","","","","","","","","","","","","","","","","","100","100","100","100","100","100","100","100","100","200","200","200","200","200","200","200","200","200","200","200","200","200","200","200","200","200","200","200","200","200","200","200",
"République slovaque","SVK","Enfants (0-14) vivant avec le VIH","SH.HIV.0014","","","","","","","","","","","","","","","","","","","","","","","","","","","","","","","","","","","","","","","","","","","","","","","","","","","","","","","","","","","","","","",
"Slovénie","SVN","Enfants (0-14) vivant avec le VIH","SH.HIV.0014","","","","","","","","","","","","","","","","","","","","","","","","","","","","","","","","","","","","","","","","","","","","","","","","","","","","","","","","","","","","","","",
"Suède","SWE","Enfants (0-14) vivant avec le VIH","SH.HIV.0014","","","","","","","","","","","","","","","","","","","","","","","","","","","","","","","","","","","","","","","","","","","","","","","","","","","","","","","","","","","","","","",
"Eswatini","SWZ","Enfants (0-14) vivant avec le VIH","SH.HIV.0014","","","","","","","","","","","","","","","","","","","","","","","","","","","","","","","200","500","740","1300","2100","3100","4100","5200","6400","7500","8600","9700","11000","12000","13000","14000","14000","15000","15000","15000","14000","14000","13000","13000","12000","12000","11000","10000","9600","8800","8000","7200",
"Sint Maarten (Dutch part)","SXM","Enfants (0-14) vivant avec le VIH","SH.HIV.0014","","","","","","","","","","","","","","","","","","","","","","","","","","","","","","","","","","","","","","","","","","","","","","","","","","","","","","","","","","","","","","",
"Seychelles","SYC","Enfants (0-14) vivant avec le VIH","SH.HIV.0014","","","","","","","","","","","","","","","","","","","","","","","","","","","","","","","","","","","","","","","","","","","","","","","","","","","","","","","","","","","","","","",
"République arabe syrienne","SYR","Enfants (0-14) vivant avec le VIH","SH.HIV.0014","","","","","","","","","","","","","","","","","","","","","","","","","","","","","","","","","","","","","","","","","","","","","","","","","","","","","","","","","","","","","","",
"Îles Turques-et-Caïques","TCA","Enfants (0-14) vivant avec le VIH","SH.HIV.0014","","","","","","","","","","","","","","","","","","","","","","","","","","","","","","","","","","","","","","","","","","","","","","","","","","","","","","","","","","","","","","",
"Tchad","TCD","Enfants (0-14) vivant avec le VIH","SH.HIV.0014","","","","","","","","","","","","","","","","","","","","","","","","","","","","","","","2900","3800","4800","5900","7100","8300","9500","11000","12000","13000","14000","15000","16000","17000","17000","18000","18000","18000","18000","18000","17000","17000","16000","16000","14000","14000","13000","13000","12000","11000","11000","9900",
"Asie de l’Est et Pacifique (BIRD et IDA)","TEA","Enfants (0-14) vivant avec le VIH","SH.HIV.0014","","","","","","","","","","","","","","","","","","","","","","","","","","","","","","","","","","","","","","","","","","","","","","","","","","","","","","","","","","","","","","",
"Europe et Asie centrale (BIRD et IDA)","TEC","Enfants (0-14) vivant avec le VIH","SH.HIV.0014","","","","","","","","","","","","","","","","","","","","","","","","","","","","","","","","","","","","","","","","","","","","","","","","","","","","","","","","","","","","","","",
"Togo","TGO","Enfants (0-14) vivant avec le VIH","SH.HIV.0014","","","","","","","","","","","","","","","","","","","","","","","","","","","","","","","1200","1700","2200","3000","3900","4900","6200","7500","8900","10000","12000","13000","14000","15000","16000","17000","17000","18000","18000","18000","18000","17000","16000","14000","14000","13000","12000","11000","11000","9900","9300","8700",
"Thaïlande","THA","Enfants (0-14) vivant avec le VIH","SH.HIV.0014","","","","","","","","","","","","","","","","","","","","","","","","","","","","","","","1200","2500","4100","6000","7900","9900","12000","14000","15000","17000","17000","18000","17000","17000","17000","16000","15000","14000","13000","12000","11000","10000","9000","8000","7000","5900","4900","4100","3300","2800","2400","2000",
"Tadjikistan","TJK","Enfants (0-14) vivant avec le VIH","SH.HIV.0014","","","","","","","","","","","","","","","","","","","","","","","","","","","","","","","100","100","100","100","100","100","100","100","100","100","100","100","100","100","100","100","100","100","100","200","500","500","500","500","570","660","740","790","840","890","930","940",
"Turkménistan","TKM","Enfants (0-14) vivant avec le VIH","SH.HIV.0014","","","","","","","","","","","","","","","","","","","","","","","","","","","","","","","","","","","","","","","","","","","","","","","","","","","","","","","","","","","","","","",
"Amérique latine et Caraïbes (BIRD et IDA)","TLA","Enfants (0-14) vivant avec le VIH","SH.HIV.0014","","","","","","","","","","","","","","","","","","","","","","","","","","","","","","","","","","","","","","","","","","","","","","","","","","","","","","","","","","","","","","",
"Timor-Leste","TLS","Enfants (0-14) vivant avec le VIH","SH.HIV.0014","","","","","","","","","","","","","","","","","","","","","","","","","","","","","","","","","","","","","","","","","","","","","","","","","","","","","","","","","","","","","","",
"Afrique du Nord et Moyen-Orient (BIRD et IDA)","TMN","Enfants (0-14) vivant avec le VIH","SH.HIV.0014","","","","","","","","","","","","","","","","","","","","","","","","","","","","","","","","","","","","","","","","","","","","","","","","","","","","","","","","","","","","","","",
"Tonga","TON","Enfants (0-14) vivant avec le VIH","SH.HIV.0014","","","","","","","","","","","","","","","","","","","","","","","","","","","","","","","","","","","","","","","","","","","","","","","","","","","","","","","","","","","","","","",
"Asie du Sud (BIRD et IDA)","TSA","Enfants (0-14) vivant avec le VIH","SH.HIV.0014","","","","","","","","","","","","","","","","","","","","","","","","","","","","","","","","","","","","","","","","","","","","","","","","","","","","","","","","","","","","","","",
"Afrique subsaharienne (BIRD et IDA)","TSS","Enfants (0-14) vivant avec le VIH","SH.HIV.0014","","","","","","","","","","","","","","","","","","","","","","","","","","","","","","","","","","","","","","","","","","","","","","","","","","","","","","","","","","","","","","",
"Trinité-et-Tobago","TTO","Enfants (0-14) vivant avec le VIH","SH.HIV.0014","","","","","","","","","","","","","","","","","","","","","","","","","","","","","","","","","","","","","","","","","","","","","","","","","","","","","","","","","","","","","","",
"Tunisie","TUN","Enfants (0-14) vivant avec le VIH","SH.HIV.0014","","","","","","","","","","","","","","","","","","","","","","","","","","","","","","","100","100","100","100","100","100","100","100","100","100","100","100","100","100","100","100","100","100","100","100","100","100","100","100","100","200","200","200","200","200","200","200",
"Turquie","TUR","Enfants (0-14) vivant avec le VIH","SH.HIV.0014","","","","","","","","","","","","","","","","","","","","","","","","","","","","","","","","","","","","","","","","","","","","","","","","","","","","","","","","","","","","","","",
"Tuvalu","TUV","Enfants (0-14) vivant avec le VIH","SH.HIV.0014","","","","","","","","","","","","","","","","","","","","","","","","","","","","","","","","","","","","","","","","","","","","","","","","","","","","","","","","","","","","","","",
"Tanzanie","TZA","Enfants (0-14) vivant avec le VIH","SH.HIV.0014","","","","","","","","","","","","","","","","","","","","","","","","","","","","","","","47000","58000","70000","83000","95000","110000","120000","130000","140000","150000","160000","160000","170000","170000","170000","180000","180000","170000","170000","170000","160000","150000","140000","140000","130000","130000","120000","120000","110000","110000","100000","96000",
"Ouganda","UGA","Enfants (0-14) vivant avec le VIH","SH.HIV.0014","","","","","","","","","","","","","","","","","","","","","","","","","","","","","","","89000","100000","110000","120000","130000","140000","150000","150000","160000","160000","160000","170000","170000","170000","170000","160000","160000","160000","160000","150000","150000","140000","140000","130000","130000","120000","120000","110000","110000","100000","94000","88000",
"Ukraine","UKR","Enfants (0-14) vivant avec le VIH","SH.HIV.0014","","","","","","","","","","","","","","","","","","","","","","","","","","","","","","","100","200","200","500","500","710","1100","1500","1900","2300","2700","2900","3200","3400","3600","3700","3800","4100","4200","4200","4300","4200","4200","4000","3900","3700","3700","3500","3400","3200","3000","2700",
"Uruguay","URY","Enfants (0-14) vivant avec le VIH","SH.HIV.0014","","","","","","","","","","","","","","","","","","","","","","","","","","","","","","","100","100","100","100","100","100","100","200","200","200","200","200","200","200","200","200","200","200","200","200","200","200","200","200","200","200","200","200","200","200","200","500",
"États-Unis","USA","Enfants (0-14) vivant avec le VIH","SH.HIV.0014","","","","","","","","","","","","","","","","","","","","","","","","","","","","","","","","","","","","","","","","","","","","","","","","","","","4700","4500","4300","4100","3800","3600","3300","3000","2800","2500","","",
"Ouzbékistan","UZB","Enfants (0-14) vivant avec le VIH","SH.HIV.0014","","","","","","","","","","","","","","","","","","","","","","","","","","","","","","","100","100","100","100","100","100","100","100","100","100","100","100","100","100","800","1400","2000","2600","3200","3700","4200","4800","5200","5600","6100","6300","6700","7000","7300","6900","6500","6100",
"Saint-Vincent-et-les Grenadines","VCT","Enfants (0-14) vivant avec le VIH","SH.HIV.0014","","","","","","","","","","","","","","","","","","","","","","","","","","","","","","","","","","","","","","","","","","","","","","","","","","","","","","","","","","","","","","",
"Venezuela","VEN","Enfants (0-14) vivant avec le VIH","SH.HIV.0014","","","","","","","","","","","","","","","","","","","","","","","","","","","","","","","1200","1200","1200","1200","1200","1200","1300","1300","1500","1700","2000","2300","2700","3200","3600","4000","4300","4600","4900","5100","5300","5500","5600","5600","5600","5400","5200","5000","4800","4600","4400","4200",
"Îles Vierges britanniques","VGB","Enfants (0-14) vivant avec le VIH","SH.HIV.0014","","","","","","","","","","","","","","","","","","","","","","","","","","","","","","","","","","","","","","","","","","","","","","","","","","","","","","","","","","","","","","",
"Îles Vierges (EU)","VIR","Enfants (0-14) vivant avec le VIH","SH.HIV.0014","","","","","","","","","","","","","","","","","","","","","","","","","","","","","","","","","","","","","","","","","","","","","","","","","","","","","","","","","","","","","","",
"Viet Nam","VNM","Enfants (0-14) vivant avec le VIH","SH.HIV.0014","","","","","","","","","","","","","","","","","","","","","","","","","","","","","","","100","100","100","200","200","500","500","650","860","1100","1300","1600","1900","2100","2400","2700","3000","3200","3400","3600","3800","4100","4300","4500","4700","4900","5000","5100","5200","5100","5000","4900",
"Vanuatu","VUT","Enfants (0-14) vivant avec le VIH","SH.HIV.0014","","","","","","","","","","","","","","","","","","","","","","","","","","","","","","","","","","","","","","","","","","","","","","","","","","","","","","","","","","","","","","",
"Monde","WLD","Enfants (0-14) vivant avec le VIH","SH.HIV.0014","","","","","","","","","","","","","","","","","","","","","","","","","","","","","","","540000","670000","830000","990000","1200000","1300000","1500000","1700000","1800000","2000000","2100000","2300000","2400000","2500000","2500000","2600000","2600000","2600000","2600000","2500000","2500000","2400000","2400000","2300000","2200000","2100000","2100000","2000000","1900000","1800000","1800000","1700000",
"Samoa","WSM","Enfants (0-14) vivant avec le VIH","SH.HIV.0014","","","","","","","","","","","","","","","","","","","","","","","","","","","","","","","","","","","","","","","","","","","","","","","","","","","","","","","","","","","","","","",
"Kosovo","XKX","Enfants (0-14) vivant avec le VIH","SH.HIV.0014","","","","","","","","","","","","","","","","","","","","","","","","","","","","","","","","","","","","","","","","","","","","","","","","","","","","","","","","","","","","","","",
"Yémen","YEM","Enfants (0-14) vivant avec le VIH","SH.HIV.0014","","","","","","","","","","","","","","","","","","","","","","","","","","","","","","","","","","","","","","","","","","","","","","","","","","","","","","","","","","","","","","",
"Afrique du Sud","ZAF","Enfants (0-14) vivant avec le VIH","SH.HIV.0014","","","","","","","","","","","","","","","","","","","","","","","","","","","","","","","4000","6900","11000","17000","25000","34000","45000","58000","72000","86000","100000","120000","130000","150000","170000","190000","200000","220000","250000","270000","280000","300000","310000","310000","320000","320000","320000","310000","310000","290000","280000","270000",
"Zambie","ZMB","Enfants (0-14) vivant avec le VIH","SH.HIV.0014","","","","","","","","","","","","","","","","","","","","","","","","","","","","","","","27000","34000","41000","48000","55000","63000","70000","77000","84000","91000","97000","100000","110000","110000","110000","110000","110000","110000","110000","100000","100000","99000","96000","93000","90000","88000","86000","83000","79000","74000","69000","66000",
"Zimbabwe","ZWE","Enfants (0-14) vivant avec le VIH","SH.HIV.0014","","","","","","","","","","","","","","","","","","","","","","","","","","","","","","","45000","57000","70000","83000","96000","110000","120000","130000","140000","150000","160000","160000","170000","170000","170000","160000","160000","160000","150000","150000","140000","130000","130000","120000","110000","110000","100000","94000","89000","83000","77000","72000",
